{"cameraMode":{"drawMode":0,"name":"Shaded","section":"Shading Mode"},"sceneLighting":false,"audioPlay":false,"sceneViewState":{"m_AlwaysRefresh":true,"showFog":true,"showSkybox":false,"showFlares":true,"showImageEffects":true,"showParticleSystems":true,"showVisualEffectGraphs":true,"m_FxEnabled":true},"in2DMode":false,"pivot":{"x":23.503435134887697,"y":5.451626777648926,"z":-1.2441363334655762},"rotation":{"x":-0.21967199444770814,"y":-0.08417738229036331,"z":0.019014086574316026,"w":-0.9717934727668762},"size":7.011323928833008,"orthographic":false}